{"generated_at": 1777065471, "usdhkd": {"rate": 7.8347, "bid": 7.83392, "ask": 7.83548}, "usdjpy": {"rate": 159.33299, "bid": 159.31706, "ask": 159.34893}, "usdcnh": {"rate": 6.83266, "bid": 6.83198, "ask": 6.83334}, "eurusd": {"rate": 1.17261, "bid": 1.17249, "ask": 1.17273}, "gbpusd": {"rate": 1.35319, "bid": 1.35306, "ask": 1.35333}, "usdcad": {"rate": 1.3668, "bid": 1.36666, "ask": 1.36694}, "usdsgd": {"rate": 1.2758, "bid": 1.27567, "ask": 1.27593}, "audusd": {"rate": 0.71508, "bid": 0.71501, "ask": 0.71515}}